Dataset,Accuracy,ROC-AUC,Recall,F1
Training,0.925173439048563,0.8279174366923597,0.0,0.0
Validation,0.9300595238095238,0.8040170212765958,0.0,0.0
Test,0.9287833827893175,0.7970913205537806,0.0,0.0
